LBS,age,appIdAction,appIdInstall,carrier,consumptionAbility,ct,education,gender,house,interest1,interest2,interest3,interest4,interest5,kw1,kw2,kw3,marriageStatus,os,topic1,topic2,topic3,uid,cl1,cl2
11,2,14,273,1,2,1,2,2,0,54 38 18 19 20 55 3 4 28 13 15 36 56 41 8 1 16 5 57|34|19,27 3|25|2,10,6,2 3 4 5 6 27 8 71 72 68 58 33 11 35 12 14 15 16 75 84 85 22 23|59|23,45 46 47 48 49|5|5,26 48 49 50 51|5|5,5,3,2,41 42 3 43 44|5|5,51 52 53 54 55|5|5,5,11,4,19
11,2,14,273,1,2,1,2,2,0,54 38 18 19 20 55 3 4 28 13 15 36 56 41 8 1 16 5 57|34|19,27 3|25|2,10,6,2 3 4 5 6 27 8 71 72 68 58 33 11 35 12 14 15 16 75 84 85 22 23|59|23,45 46 47 48 49|5|5,26 48 49 50 51|5|5,5,3,2,41 42 3 43 44|5|5,51 52 53 54 55|5|5,5,190,7,15
11,2,14,273,1,2,1,2,2,0,54 38 18 19 20 55 3 4 28 13 15 36 56 41 8 1 16 5 57|34|19,27 3|25|2,10,6,2 3 4 5 6 27 8 71 72 68 58 33 11 35 12 14 15 16 75 84 85 22 23|59|23,45 46 47 48 49|5|5,26 48 49 50 51|5|5,5,3,2,41 42 3 43 44|5|5,51 52 53 54 55|5|5,5,191,2,5
11,2,14,273,1,2,1,2,2,0,54 38 18 19 20 55 3 4 28 13 15 36 56 41 8 1 16 5 57|34|19,27 3|25|2,10,6,2 3 4 5 6 27 8 71 72 68 58 33 11 35 12 14 15 16 75 84 85 22 23|59|23,45 46 47 48 49|5|5,26 48 49 50 51|5|5,5,3,2,41 42 3 43 44|5|5,51 52 53 54 55|5|5,5,192,2,15
1,1,14,273,1,1,1,1,1,0,1 2 3 4 5 6 7 8 9 10 11 12 13 14 15 16 17 18 19 20 21 22 23 24 25 26 27 28 29 30 31|34|31,1 2 3 4|25|4,10,6,1 2 3 4 5 6 7 8 9 10 11 12 13 14 15 16 17 18 19 20 21 22 23|59|23,1 2 3 4 5|5|5,1 2 3 4 5|5|5,5,1,1,1 2 3 4 5|5|5,1 2 3 4 5|5|5,5,1,7,15
2,2,14,273,1,2,1,2,2,0,21 6|34|2,5|25|1,10,6,59,6 7 8 9 10|5|5,6 7 8 9 10|5|5,5,2,2,6 7 8 9 10|5|5,6 7 8 9 10|5|5,5,2,8,4
3,3,14,273,2,2,1,3,2,0,32 33 8 1 19 9 27 4 34 15 35 36 16 5 37|34|15,6 7 8 9 10 11 12 13 14 15|25|10,10,6,24 2 4 1 5 25 6 26 27 28 29 30 31 10 32 33 34 35 12 36 37 38 15 17 39 40 41 42 43 18 44 45 46 21 22 23|59|36,11 12 13 14 15|5|5,11 12 13 14 15|5|5,5,3,2,1 11 3 12 13|5|5,11 12 13 14 15|5|5,5,3,2,15
4,1,14,273,2,2,2,1,2,0,4 38 39 6 8 37 12 13 15 40 41 16 42 43 18 19 21 22 23 44 26 45|34|22,8 16 2 1 17 18|25|6,10,6,1 2 47 48 4 5 25 49 26 50 51 8 52 53 54 9 55 56 57 31 10 58 33 11 59 60 12 37 61 14 62 63 17 41 64 65 18 66 19 20 45 67 22 23|59|44,16 17 18 19 20|5|5,16 17 18 19 20|5|5,5,1,2,14 15 16 17 4|5|5,16 17 18 19 20|5|5,5,4,5,7
5,4,14,273,2,1,1,4,2,0,21 8 4 15 45 6|34|6,25,10,6,37 1 2 3 4 45 5 25 31 26 27 22 35 12|59|14,21 22 23 3 24|5|5,21 22 23 24 14|5|5,5,1,2,18 3 19 20 21|5|5,21 22 23 24 25|5|5,5,5,2,15
6,3,14,273,3,3,3,2,2,0,34,25,10,6,59,5,25 26 27 28 29|5|5,5,4,3,5,26 27 28 29 30|5|5,5,6,8,12
7,1,14,273,4,2,2,1,2,0,8 27 4 22 19|34|5,17 18|25|2,10,6,2 21 56 4 14 15 68 62 17 10 40 69 5 33 11 18 58 49|59|18,25 26 27 28 29|5|5,30 31 32 33 34|5|5,5,5,2,22 23 24 25 26|5|5,31 32 33 34 35|5|5,5,7,2,15
8,4,14,273,2,2,2,2,2,1,1 3 4 38 46 47 6 8 12 13 15 48 40 41 16 18 19 20 21 22 23 26 49 30 36|34|25,19 14|25|2,10,6,1 2 3 4 5 25 49 26 70 51 71 28 54 9 72 55 56 57 73 31 10 58 33 11 59 35 12 36 74 13 37 14 15 62 63 17 75 41 76 43 65 18 77 78 20 45 79 80 22 81 23 82|59|52,30 31 32 33 34|5|5,1 35 3 36 37|5|5,5,2,2,27 28 29 30 31|5|5,36 37 38 39 40|5|5,5,8,2,7
9,4,14,273,1,2,1,4,2,0,50 51 8 18 19 52 2 10 4 22 28 12 15 53 36 31 1 16 5 26|34|20,7 20 3 21 22 23 4|25|7,10,6,20 15 10 51 9 29|59|6,35 36 37 38 39|5|5,38 39 40 41 42|5|5,5,1,2,32 33 34 3 35|5|5,41 42 43 44 45|5|5,5,9,9,15
10,3,14,273,1,2,1,1,1,1,22 19|34|2,24 25 26 21|25|4,10,6,1 2 3 48 4 5 49 6 50 51 54 9 57 73 31 10 58 33 11 35 12 37 38 15 17 39 40 76 65 18 19 20 83 46 22 81 23|59|37,40 41 42 43 44|5|5,43 44 45 46 47|5|5,5,4,1,36 37 38 39 40|5|5,46 47 48 49 50|5|5,5,10,2,5
12,2,14,273,3,1,1,2,2,0,10 22 18 19|34|4,28 6 8 20 16 3 15 4|25|8,10,6,59,50 51 52 53 54|5|5,26 52 53 54 55|5|5,5,4,2,45 46 47 48 49|5|5,56 57 58 59 60|5|5,5,12,8,12
13,1,14,273,3,3,1,1,2,0,4 8|34|2,25,10,6,59,55 56 57|5|3,5,5,6,2,50 51 3 52 53|5|5,5,5,13,8,12
14,2,14,273,1,2,2,5,1,0,34,17 18|25|2,10,6,78 86 2 4 14 5 36 63 17 33 67 11 8 12 65 18 87|59|17,5,56 57 58 59 60|5|5,5,4,2,5,61 62 63 64 65|5|5,5,14,8,5
15,3,14,273,1,1,2,4,1,0,4 8|34|2,25,10,6,37 56 4 31 10 62|59|6,5,25 61 62 63 64|5|5,5,3,2,54 55 56 57 58|5|5,66 67 68 69 70|5|5,5,15,8,12
16,1,14,273,1,1,4,4,2,0,58 1 2 4 59 5 6 60 8 37 12 15 61 16 62 19 20 21 22 26 32 63 27 64 31|34|25,22 19 7 14 29|25|5,10,6,47 4 15 10 32 88 20 29 13|59|9,58 59 60 61 62|5|5,65 11 15 66 14|5|5,5,1,2,59 60 20 61 62|5|5,71 72 73 74 75|5|5,5,16,9,15
17,2,14,273,1,1,1,2,2,1,34,28 7 8 30 20 31 26 32 18 25|25|10,10,6,37 55 20 4 14 5 25 31 63 26 10 80 11 8 81 23 22 35 12 65|59|20,5,67 68 69 37 70|5|5,5,4,1,5,76 77 78 79 80|5|5,5,17,2,5
18,3,14,273,3,1,1,4,1,0,15 30 16 65|34|4,28 8|25|2,10,6,59,63 64 65|5|3,71 72 73 74 75|5|5,5,4,2,63 64 65 66 67|5|5,81 49 82 83 84|5|5,5,18,8,12
19,5,14,273,1,2,1,1,1,0,1 2 3 4 34 38 5 6 7 33 8 9 37 11 12 13 14 15 41 16 62 17 19 21 22 26 32 27 66 36 31|34|31,20 2 1 14 17 18|25|6,10,6,1 2 4 5 49 51 71 9 29 72 73 31 10 58 32 33 59 12 36 37 38 14 15 75 40 89 43 19 20 46 21|59|31,66 67 68 69 70|5|5,76 77 78 41 79|5|5,5,1,2,68 69 3 60 70|5|5,85 86 87 88 89|5|5,5,19,2,7
20,1,14,273,1,2,2,1,2,0,50 58 1 3 4 38 5 6 8 67 52 12 13 14 15 41 16 17 19 20 68 21 22 69 26 57 63 53 27 28|34|30,7 8 9 2 22 1 33 14 15 17 18|25|11,10,6,24 2 47 4 1 5 6 29 72 56 10 33 11 12 36 14 15 62 63 75 40 88 90 65 20 91 46 21|59|28,71 72 73 74 75|5|5,80 15 81 41 14|5|5,5,3,2,71 72 38 73 74|5|5,90 91 92 93 94|5|5,5,20,2,15
21,4,14,273,1,1,1,2,2,1,70 4 8 1 64 20 34 28 71 15 51 35 56 72 73 45 74|34|17,25,10,6,55 2 20 14 5 25 92 46 10 26 84 33 50 8 58|59|15,76 77 78 79 80|5|5,26 82 83 29 84|5|5,5,3,2,75 76 77 78 79|5|5,95 96 97 34 98|5|5,5,21,2,15
22,5,14,273,3,2,2,4,2,0,58 1 4 34 38 39 5 6 8 67 52 12 15 41 62 19 20 21 22 23 25 26 75 27 76 28 29 30 35 36|34|30,25,10,6,1 2 20 56 4 14 15 10 93 39 75 46 41 5 22 21 23 47 72 8|59|20,81 82 83 84 85|5|5,85 86 87 41 88|5|5,5,1,2,80 81 68 4 61|5|5,99 100 101 102 103|5|5,5,22,6,15
23,4,14,273,1,1,1,4,2,1,1 4 51 77 78 5 8 10 12 14 15 79 16 65 18 19 68 22 23 69 26 36|34|22,7 34 8 20 2 35 1 15 10 17 36 18|25|12,10,6,2 4 5 50 8 72 68 94 10 33 12 74 13 14 63 75 41 43 65 20 22 23 95|59|23,86 87 88 89 90|5|5,89 90 91 47 92|5|5,5,1,1,82 83 84 85 86|5|5,40 104 33 105 106|5|5,5,23,2,15
24,1,14,273,3,3,3,2,2,0,34,25,10,6,59,5,5,5,6,3,5,5,5,24,8,12
25,2,14,273,3,3,1,5,2,0,34,25,10,6,12 17 18 4|59|4,5,5,5,4,2,5,107 108 109 110 111|5|5,5,25,8,12
26,2,14,273,2,2,2,2,2,0,21 6|34|2,25,10,6,1 48 4 14 17 10 22 8 81 23 43 35 12 18 95|59|15,91|5|1,53 26 44 93 94|5|5,5,4,2,87 3 19 38 88|5|5,112 113 114 115 116|5|5,5,26,8,15
27,3,14,273,1,1,1,2,2,0,8 19 9 4 15 24 25 39 5|34|9,28 6 8 20 31 15 16|25|7,10,6,96 2 1 68 4 14 5 25 46 26 75 58 84 55 12 72|59|16,92 93 94 95 96|5|5,95 96 97 98 99|5|5,5,4,1,89 90 3 91 92|5|5,40 33 117 118 119|5|5,5,27,2,15
28,3,14,273,3,2,1,1,2,0,66 8 4 34|34|4,19|25|1,10,6,59,97 98 8 99 100|5|5,100 101 96 102 103|5|5,5,3,2,93 94 95 96 97|5|5,120 111 121 122 123|5|5,5,28,8,12
29,4,14,273,1,2,1,2,1,0,4 8 67 21 11 12 26 6|34|8,8 20 31 2 1 14 17 18|25|8,10,6,12 10 20 56 4|59|5,101 102 103 104 105|5|5,104 16 20 19 105|5|5,5,1,1,60 98 68 99 100|5|5,124 125 126 127 128|5|5,5,29,8,15
30,2,14,273,3,2,1,4,1,0,60 8 18 55 4 6|34|6,25,10,6,1 97 38 4 15 17 58 5 11 52 43 12 18|59|13,106 107 108 109 110|5|5,106 107 108 109 110|5|5,5,4,2,101 102 103 104 105|5|5,129 130 131 132 133|5|5,5,30,8,12
31,1,14,273,3,2,2,4,2,0,63 8 19 38 2 27 4 22 12 6 15 31 41 16 5 26|34|16,17 18 9 11|25|4,10,6,59,111 112 113 114 115|5|5,111 102 112 113 114|5|5,5,1,2,106 107 108 27 109|5|5,134 135 136 137 138|5|5,5,31,9,15
32,2,14,273,1,2,1,1,2,0,34,7 8 9 20 31 11 34 17 18|25|9,10,6,78 86 2 3 56 5 16 17 27 10 58 84 33 22 23 35 74|59|17,5,115 116 117 118 119|5|5,5,4,2,5,139 140 141 142 143|5|5,5,32,8,15
33,4,14,273,3,3,3,1,2,0,8 19 68 4 22 28 34 66 56 69|34|10,25,10,6,59,97 116 117 118 119|5|5,5,5,4,3,110 60 111 112 113|5|5,144 145 146|5|3,5,33,8,12
34,3,14,273,3,1,1,4,2,0,4 58 80 19 27 21 28 12 29 8 6|34|11,28 37 8 3|25|4,10,6,1 2 47 48 4 14 15 63 17 10 40 5 11 8 23 22 65 18|59|18,120 110 121 122 123|5|5,120 121 102 122 123|5|5,5,4,2,83 114 3 115 116|5|5,147 148 149 150 151|5|5,5,34,2,15
35,5,14,273,4,2,2,1,2,0,81 1 4 34 82 39 47 6 70 33 8 67 55 9 37 12 14 15 48 18 19 20 68 21 22 23 69 26 83 28 66 56|34|32,22 7|25|2,10,6,1 47 56 4 10 41 20|59|7,124 125 126 8 127|5|5,53 93 124 24 125|5|5,5,1,2,60 3 68 88 99|5|5,152 153 154 155 156|5|5,5,35,6,15
36,3,14,273,3,3,3,1,2,0,4 8|34|2,25,10,6,59,128|5|1,5,5,6,3,117 118 119 120 121|5|5,5,5,36,8,12
37,1,14,273,1,1,2,4,2,0,4 8 18 19 20 68 27 21 22 12 6 84 15 10 81 36 1 5 26|34|19,38 3 37 14 39 4|25|6,10,6,98 2 20 4 15 63 10 5 33 50 22 12 23 43 99 65 29|59|17,129 130 131 132 133|5|5,30 126 32 127 34|5|5,5,1,2,122 123 124 125 126|5|5,157 158 159 160 161|5|5,5,37,0,15
38,3,14,273,2,2,1,1,2,1,43 85 59 8 18 19 55 34 21 22 70 13 66 4 24 86 25 1 40 6|34|20,17 18|25|2,10,6,24 2 48 4 1 5 25 49 26 70 27 50 8 55 56 31 10 58 33 11 35 36 100 14 15 62 63 40 64 65 77 45 46 22 81 101 23 82|59|38,134 97 135 136 137|5|5,128 129 130 131 132|5|5,5,7,1,127 128 129 130 131|5|5,162 163 164 165 166|5|5,5,38,2,13
9,3,14,273,1,2,1,1,2,1,8 19 38 9 4 13 15 24 3 25 39 41 16 5|34|14,7 22 33 14 17 18|25|6,10,6,1 2 4 5 49 8 52 68 73 58 33 11 36 14 15 17 40 65 18 85 79 22 23|59|23,138 139 140 3 141|5|5,65 133 134 135 136|5|5,5,3,1,132 38 133 134 135|5|5,167 168 59 169 60|5|5,5,39,2,5
39,4,14,273,3,3,3,5,1,0,4 8 1 20|34|4,34 8|25|2,10,6,59,142 143 144 145 146|5|5,137 138 139 140 29|5|5,5,4,3,136 137 138 139 140|5|5,170 171 172 173 174|5|5,5,40,8,12
40,3,14,273,1,3,1,1,2,0,4 8 1 3 21 23 26 13 36 12 79 6|34|12,19 40|25|2,10,6,24 2 20 4 94 5 1 26 10 46 41 11 22 12 77|59|15,147 148 149 150 151|5|5,141 142 143 144 94|5|5,5,4,2,82 141 142 143 144|5|5,175 176 177 178 179|5|5,5,41,2,15
41,2,14,273,1,2,2,1,2,1,8 18 19 2 4 22 15 30 82 31 79 1 62|34|13,25,10,6,20 4 15 6 10 40 22 23 12 13 95|59|11,152 153 154 155 156|5|5,145 146 147 148 149|5|5,5,4,1,145 146 147 148 149|5|5,170 57 180 181 182|5|5,5,42,2,5
40,4,14,273,2,2,1,1,2,0,50 1 4 34 38 5 6 8 37 12 14 40 41 79 18 19 21 22 26 32 53 66 36|34|23,17 20 31 18|25|4,10,6,1 2 4 5 26 51 9 56 68 31 10 33 11 35 12 36 37 102 14 15 63 17 65 78 20 45 79 21 22 81 23 82|59|32,157 158 159 160 161|5|5,150 151 152 153 154|5|5,5,1,1,150 151 4 152 153|5|5,183 184 185 27 186|5|5,5,43,2,3
42,3,14,273,3,1,3,5,1,0,15 51 4 8|34|4,25,10,6,59,162 163 164 165 34|5|5,155 156 48 157 158|5|5,5,3,3,20 154 155 156 157|5|5,187 188 189 190 191|5|5,5,44,8,12
43,5,14,273,1,3,2,1,2,0,63 8 19 9 4 12 6 26|34|8,25,10,6,2 20 56 70 15 31 6 10 5 33 42 28 87|59|13,72 166 167 168 126|5|5,159 102 160 161 158|5|5,5,1,2,158 159 160 161 162|5|5,192 193 194 195 196|5|5,5,45,8,15
29,5,14,273,4,3,1,6,2,0,60 4 58 1 19 20 9 21 22 12 6 15 30 24 36 25 8 16 26|34|19,17 22 7 18|25|4,10,6,37 2 20 56 4 15 31 6 10 40 5 22 43 47 23 12|59|16,169 170 171 168 172|5|5,120 162 102 163 164|5|5,5,1,2,80 163 60 164 165|5|5,166 197 198 199 200|5|5,5,46,7,15
44,3,14,273,1,1,1,2,2,0,4 8 19 37 21 28 15 30 87 56 5 6|34|12,15 8 16 34 17 18|25|6,10,6,1 3 4 26 27 72 56 31 10 33 35 12 36 37 16 62 75 89 64 45 46 22 23|59|23,173 174 175 103 176|5|5,128 1 3 165 166|5|5,5,4,2,166 167 168 169 170|5|5,201 202 203 204 205|5|5,5,47,2,15
9,3,14,273,2,2,2,1,1,1,88 8 1 19 52 27 39 22 28 29 4 15 30 33 36 56 16 5 37|34|19,27 3|25|2,10,6,98 1 86 2 3 48 4 5 25 49 6 26 50 71 54 29 72 57 73 31 58 33 11 35 12 36 37 38 15 16 63 17 75 40 43 65 18 78 103 45 83 46 104 21 22 81 101 23|59|48,177 178 179 180 181|5|5,167 168 48 53 37|5|5,5,3,1,171 172 173 174 175|5|5,206 207 208 209 210|5|5,5,48,2,16
45,3,14,273,1,1,2,2,1,0,8 19 68 4 38 89 41 5|34|8,28 41 8 20 31 3|25|6,10,6,1 105 2 106 4 5 51 54 9 72 87 57 31 33 11 12 36 37 61 38 15 63 75 65 22 23|59|26,182 183 184 103 185|5|5,155 169 170 171 172|5|5,5,4,1,176 177 178 179 180|5|5,211 212 213 214 215|5|5,5,49,2,5
40,4,14,273,3,3,3,4,2,0,34,25,10,6,59,5,173 174 175 29 176|5|5,5,4,3,5,216 168 217 218 54|5|5,5,50,8,12
46,3,14,273,3,3,3,2,1,0,34,25,10,6,59,5,177 53 178 179 180|5|5,5,3,3,5,219 185 220 221 222|5|5,5,51,8,12
47,3,14,273,1,2,2,1,2,1,1 83 25 19 2 34 4 22 59 15 24 31 90 72 45 8|34|16,20 31|25|2,10,6,1 2 4 5 25 49 26 72 107 58 33 11 60 12 36 15 16 17 84 43 18 83 22 23 82|59|25,186 187 188 189 190|5|5,181 182 183 184 185|5|5,5,4,1,181 182 183 184 185|5|5,223 224 225 226 227|5|5,5,52,2,5
48,5,14,273,1,1,1,2,2,0,1 2 4 34 51 5 6 7 70 8 67 52 10 12 15 79 18 19 21 22 23 24 25 26 27 76 28 36|34|28,7 8 20 16 3 22 37 19 17 18|25|10,10,6,2 20 56 5 10 41 19 51 9 95|59|10,191 192 193 194 85|5|5,30 3 32 186 34|5|5,5,3,2,68 186 3 60 187|5|5,228 229 230 231 232|5|5,5,53,0,10
29,4,14,273,1,2,1,7,1,0,4 21 8 6|34|4,35 33 14 17 42 18|25|6,10,6,66 2 56 15 10 5 19 11 108 51 9 29 72|59|13,169 195 102 196 133|5|5,187 188 189 78 190|5|5,5,5,1,188 189 190 38 191|5|5,233 234 235 236 237|5|5,5,54,8,15
49,3,14,273,1,1,1,5,1,0,34,20 1 2 8 28|25|5,10,6,59,5,191 192 26 96 193|5|5,5,4,2,5,40 33 238 119 239|5|5,5,55,8,12
50,3,14,273,1,1,2,1,2,0,8 4 36 1|34|4,43 8 20 44 3 37 19 17 16 18|25|10,10,6,2 20 56 4 14 15 75 40 5 11 10 47 12 72 8|59|15,197 198 199 200|5|4,30 129 194 32 34|5|5,5,4,2,192 3 193 4 194|5|5,240 100 241 242 243|5|5,5,56,2,15
21,3,14,273,3,2,3,2,2,0,70 65 19 1 38 4 34 15 51 36 41 79 16 5 8|34|15,25,10,6,59,201 70 202 146 203|5|5,195 196 197 198 199|5|5,5,3,3,195 196 197 198 199|5|5,244 245 246 247 248|5|5,5,57,8,12
40,4,14,273,1,2,2,1,2,0,8 1 19 38 9 4 22 12 15 36 41 16 26|34|13,17 28 18 8|25|4,10,6,1 2 3 4 5 25 49 26 70 8 28 56 31 10 58 33 11 60 12 36 37 14 84 65 20 109 67 22 23|59|29,204 205 168 206 207|5|5,200 147 201 202 203|5|5,5,1,2,200 201 202 203 204|5|5,249 250 251 55 252|5|5,5,58,2,15
9,4,14,273,1,2,1,2,2,0,1 8 67 19 20 4 22 23 12 30 15 51 45 62 26|34|15,14|25|1,10,6,1 2 4 5 26 110 8 56 10 33 11 12 36 14 15 62 17 41 78 20 83 80 22 23|59|24,208 209 210 211 212|5|5,21 124 13 204 205|5|5,5,1,2,205 3 206 207 208|5|5,253 12 254 255 256|5|5,5,59,2,15
51,2,14,273,3,1,3,2,1,0,34,34 8|25|2,10,6,59,5,206 207 165 208 209|5|5,5,4,3,5,112 257 258 259 260|5|5,5,60,8,12
52,1,14,273,3,3,2,2,2,0,50 1 2 4 38 91 6 7 33 8 67 55 52 37 12 15 61 41 18 19 68 21 22 23 25 69 26 63 53 76 28 36 31 45|34|34,7|25|1,10,6,59,213 8 214 215 216|5|5,210 211 212 213 41|5|5,5,3,2,209 36 210 60 3|5|5,261 262 263 202 264|5|5,5,61,6,15
53,2,14,273,1,1,1,2,1,0,8 1 19 2 4 22 28 12 23 15 30 36 31 56 45 88 5 26|34|18,15 8 19 3 34 40 4|25|7,10,6,1 3 4 8 54 72 57 31 10 33 12 74 37 38 14 15 16 63 75 41 42 76 65 20 45 22 23|59|27,217 218 102 219 220|5|5,214 215 216 41 217|5|5,5,4,2,101 211 212 61 136|5|5,265 266 267 268 269|5|5,5,62,2,5
2,3,14,273,4,2,1,4,1,0,17 8 19 1 20 4|34|6,25,10,6,38 4 14 15 68 31 63 75 5 11 23 59 22 111 12 65 72|59|17,221 222 223 224 225|5|5,218 6 219 28 220|5|5,5,4,1,213 214 215 216 217|5|5,270 271 272 273 274|5|5,5,63,2,5
54,4,14,273,1,2,1,1,2,0,4 15 16 8|34|4,25,10,6,37 1 4 94 31 26 110 79 22 108 23 12 65 72|59|14,226 227 228|5|3,25 221 48 220 37|5|5,5,4,1,218 219 220 221 222|5|5,275 276 277 278 279|5|5,5,64,2,5
29,3,14,273,4,2,1,1,2,1,33 8 67 19 2 3 37 4 22 12 13 31 5|34|13,6 8 20 16 15 17 18|25|7,10,6,1 2 4 5 25 26 53 9 30 56 31 10 58 11 59 12 13 37 14 84 66 20 22 23 95|59|25,229 230 231 194 232|5|5,222 223 224 53 26|5|5,5,1,1,223 224 225 226 227|5|5,280 281 282 283 284|5|5,5,65,2,15
55,4,14,273,1,2,2,5,2,0,32 43 4 8 1 19 52 9 37 21 22 28 12 13 6 3 56 92 36 26|34|20,19 42 45 26 25|25|5,10,6,24 2 4 1 5 8 112 54 9 72 57 113 10 11 12 14 17 75 89 18 20 46 22 23|59|24,233 234 235 236 237|5|5,182 225 43 46 226|5|5,5,1,1,60 20 228 229 230|5|5,285 286 287 55 288|5|5,5,66,2,15
37,2,14,273,2,2,1,4,1,0,4 83 19 21 38 41 8 6|34|8,20 31|25|2,10,6,24 86 3 4 1 26 51 9 72 55 56 31 10 33 12 36 37 16 62 17 75 65 18 103 46 67 22 23|59|28,238 239 240 241 242|5|5,227 228 229 230 231|5|5,5,4,2,231 3 19 219 232|5|5,40 289 290 291 33|5|5,5,67,2,5
56,2,14,273,3,1,1,2,1,0,8 19 38 2 9 27 4 22 14 15 61 68 41 69 16 5|34|16,25,10,6,59,95 8 243 244 183|5|5,232 233 234 235 236|5|5,5,3,2,233 3 60 234 235|5|5,292 49 293 55 294|5|5,5,68,8,12
57,5,14,273,4,1,1,5,2,0,17 83 1 19 52 2 21 22 28 12 6 4 15 36 31 8 16 26|34|18,16 8|25|2,10,6,1 2 20 4 15 6 10 40 5 11|59|10,72 94 91 245 133|5|5,1 120 3 237 238|5|5,5,1,2,236 237 238 239 240|5|5,61 295 296 297 298|5|5,5,69,7,15
58,5,14,273,3,2,1,2,1,0,58 1 2 4 38 39 47 6 60 8 67 52 12 14 15 48 41 19 21 22 23 26 63 27 28 36 31|34|27,18 32|25|2,10,6,59,246 247 248 48 72|5|5,239 240 241 242 243|5|5,5,6,2,101 241 3 242 243|5|5,299 300 301 302 303|5|5,5,70,9,15
59,4,14,273,2,2,2,4,1,0,2 4 8 31|34|4,28 8 2 3 1 42 4|25|7,10,6,1 2 4 5 49 114 8 87 31 58 11 12 37 14 15 17 40 46 22 115 101 23|59|22,157 146 249 250 251|5|5,244 48 245 246 158|5|5,5,7,1,244 3 245 246 247|5|5,304 305 306 307 308|5|5,5,71,2,5
13,2,14,273,4,2,1,4,2,1,1 8 18 19 9 39 22 89 4 15 51 49 36 68 45 16 5|34|17,25,10,6,24 4 1 25 49 26 50 96 55 73 31 58 33 12 36 37 15 63 17 65 18 46 21 67 22 23|59|26,252 253 254 255 256|5|5,247 148 147 220 248|5|5,5,4,2,248 3 249 250 251|5|5,309 310 311 312 313|5|5,5,72,2,5
51,3,14,273,1,2,1,1,2,1,2 4 84 38 51 82 5 6 8 9 14 15 61 41 16 93 18 19 21 63 49 28 30 56|34|24,45 30 7 25|25|4,10,6,1 105 2 106 4 5 26 72 73 31 33 11 108 60 12 74 13 37 14 15 16 17 75 43 65 78 80 22 23|59|29,257 258 259 260 261|5|5,249 250 251 69 252|5|5,5,1,2,252 3 253 254 255|5|5,314 315 316 317 318|5|5,5,73,2,5
25,4,14,273,3,2,2,3,1,0,1 2 4 71 38 51 39 5 6 7 8 52 9 12 15 41 79 16 17 19 21 22 23 27 28 30 36 31 45|34|29,25,10,6,59,262 183 263 53 255|5|5,253 254 220 255 256|5|5,5,1,2,256 257 258 259 260|5|5,319 320 321 322 323|5|5,5,74,9,15
60,4,14,273,1,1,1,1,2,1,1 2 3 4 34 71 5 6 7 8 11 12 13 15 79 16 19 20 90 68 21 22 25 72 88 26 83 27 28 36 94 31|34|32,8 9 20 31 11 15 16|25|7,10,6,24 20 4 14 5 1 31 45 46 10 33 11 59 12 36|59|15,264 265 53 194 266|5|5,30 172 34 41 32|5|5,5,1,2,261 262 3 60 263|5|5,66 324 325 326 327|5|5,5,75,0,15
49,3,14,273,1,2,2,7,2,0,58 4 38 6 8 37 11 12 15 41 19 90 21 22 87 24 25 26 28 64 30 56|34|22,20 35 46 31 19|25|5,10,6,24 105 2 3 106 4 5 26 96 56 31 10 34 60 35 12 37 17 39 76 65 18 45 46 22 81 23|59|27,267 268 269 102 270|5|5,257 224 258 259 260|5|5,5,4,1,264 265 212 266 267|5|5,328 329 330 331 332|5|5,5,76,2,15
61,3,14,273,1,2,2,1,1,1,8 18 55 3 37 4 13 15 87 24 25 16|34|12,14|25|1,10,6,1 2 61 48 4 45 5 31 63 17 26 75 11 77 76 23 22 12 65 18 72|59|21,271 272 273 274 275|5|5,261 262 263 264 265|5|5,5,4,1,268 269 270 271 272|5|5,333 334 284 335 336|5|5,5,77,2,5
62,4,14,273,1,2,1,4,1,0,34,1 2|25|2,10,6,3 22 26 25|59|4,5,266 267 13 245 268|5|5,5,4,1,5,337 338 339 149 340|5|5,5,78,8,12
18,1,14,273,4,3,2,2,2,0,85 1 2 4 38 6 8 55 52 95 12 15 41 79 18 21 23 24 25 88 26 96 28 29 30 36 31 56|34|28,5 8 44 47 33 14|25|6,10,6,1 3 2 20 38 4 15 62 10 41 5 11 23 22 12|59|15,187 276 277 278 279|5|5,126 269 270 109 271|5|5,5,1,2,273 3 68 274 210|5|5,341 342 78 317 343|5|5,5,79,6,15
63,3,14,273,1,3,1,2,2,0,5 4 22 19 8|34|5,25,10,6,1 2 61 4 15 31 6 17 5 76 65 18|59|12,280 281 282 283 284|5|5,272 273 274 3 275|5|5,5,4,2,275 276 277 278 279|5|5,344 345 346 347 298|5|5,5,80,8,15
64,4,14,273,1,2,2,4,2,0,4 8 19 68 21 22 12 6 38 69 41 26|34|12,17 14 18|25|3,10,6,20 56 4 15 10 40 33 12 36|59|9,285 286 287 288 289|5|5,276 277 154 153 152|5|5,5,1,2,280 281 282 61 283|5|5,348 349 350 3 351|5|5,5,81,8,15
65,3,14,273,1,1,1,1,2,0,85 8 19 27 4 22 15 25 45 16 5|34|11,13 7 8 9 10 16 2 3 11 1 4|25|11,10,6,37 2 44 4 5 25 31 26 46 110 58 11 109 12 77|59|15,290 291 292 293 294|5|5,1 278 96 3 145|5|5,5,4,2,284 285 286 287 288|5|5,352 40 353 354 355|5|5,5,82,2,15
66,2,14,273,3,1,4,7,2,0,8 19 1 27 4 36 5|34|7,44 8 3 4|25|4,10,6,59,295 296 297 47 298|5|5,7 124 9 279 280|5|5,5,3,3,289 290 291 292 293|5|5,356 357 358 359 360|5|5,5,83,8,12
67,4,14,273,1,2,2,1,2,1,4 8 19 21 22 14 15 51 39 6|34|10,25,10,6,37 1 2 30 48 4 5 31 58 22 23 11 12 49|59|14,299 300 301 3 302|5|5,281 282 283 224 284|5|5,5,4,2,68 294 111 295 296|5|5,361 176 362 363 364|5|5,5,84,2,5
59,5,14,273,1,1,2,2,1,0,63 47 8 67 19 3 21 22 23 12 13 4 53 46 48 97 6 26|34|18,25,10,6,2 20 56 4 15 6 10 40 41 5 12 57 54|59|13,303 304 305 306 307|5|5,26 220 79 186 285|5|5,5,6,2,297 298 68 3 163|5|5,365 366 2 367 168|5|5,5,85,8,15
25,1,14,273,3,1,1,1,2,0,81 1 3 4 34 38 5 6 70 8 67 52 37 12 13 14 15 41 16 19 20 68 21 22 23 24 25 98 26 32 63 27 28|34|33,14|25|1,10,6,59,308 8 226 103 309|5|5,126 191 286 14 15|5|5,5,1,2,299 3 68 300 61|5|5,120 253 368 369 14|5|5,5,86,9,15
68,3,14,273,1,2,2,4,2,1,85 33 83 19 90 9 37 4 22 28 13 15 30 3 25 56 8 98 16 5 68|34|21,22 7|25|2,10,6,98 1 105 2 3 4 5 25 26 54 29 55 68 57 31 58 33 11 35 12 36 37 14 15 16 63 17 39 42 76 43 65 18 78 45 83 46 109 80 67 22 81 101 23|59|44,310 311 312 313 314|5|5,287 65 288 289 290|5|5,5,4,2,301 302 303 3 304|5|5,309 370 371 372 373|5|5,5,87,2,5
28,2,14,273,1,2,2,2,2,0,34,25,10,6,37 1 4 15 31 75 40 22 23 72|59|10,5,67 291 292 37 70|5|5,5,4,1,5,374 9 375 376 377|5|5,5,88,8,5
68,4,14,273,3,3,1,2,3,0,22 19|34|2,14|25|1,10,6,59,315 43 316|5|3,293 1 294 6 3|5|5,5,4,2,305 306 307 308 309|5|5,378 371 379 380 381|5|5,5,89,8,12
69,2,14,273,3,1,1,2,1,0,34,28 8 3 4|25|4,10,6,59,5,295 296 297 298 299|5|5,5,3,2,5,168 59 382 383 169|5|5,5,90,8,12
70,4,14,273,2,1,1,4,1,0,33 19 38 27 22 71 15 41 16 37|34|10,25,10,6,1 102 4 14 15 75 33 8 116 117 12 9 74 72|59|14,317 318 319 320 321|5|5,53 48 300 34 37|5|5,5,1,2,310 311 312 313 314|5|5,384 48 385 386 387|5|5,5,91,8,15
71,4,14,273,3,3,1,1,2,0,54 63 4 58 19 68 21 12 6 15 69 8 99 26|34|14,25,10,6,47 12 20 10 4|59|5,322 323 324 325 326|5|5,247 148 301 302 303|5|5,5,1,2,315 316 3 317 318|5|5,388 353 389 390 391|5|5,5,92,8,15
29,1,14,273,1,3,1,2,2,0,58 1 4 38 77 78 6 60 8 67 10 12 41 18 19 68 21 22 23 69 26 36|34|22,21 48 18 32|25|4,10,6,1 47 56 4 14 10 41 8 20|59|9,327 72 328 329 330|5|5,304 296 305 306 307|5|5,5,6,2,319 320 3 86 229|5|5,392 393 204 52 394|5|5,5,93,6,15
9,3,14,273,3,3,3,1,2,0,34,25,10,6,59,5,5,5,4,3,5,367 395 396 397 398|5|5,5,94,8,12
72,2,14,273,3,3,2,2,2,0,59 1 3 21 13 24 25 6|34|8,49 20 47 5|25|4,10,6,59,331 274 237 332 333|5|5,308 309 310 311 312|5|5,5,4,2,219 20 88 99 321|5|5,399 400 401 402 403|5|5,5,95,8,12
73,3,14,273,1,3,2,4,2,1,83 19 4 15 8 16|34|6,25,10,6,1 118 2 4 15 36 6 17 79 5 33 50 11 23 22 12 65 72 119|59|19,334 335 336 337 338|5|5,313 26 314 315 285|5|5,5,8,2,322 323 324 325 326|5|5,404 405 406 34 407|5|5,5,96,2,5
74,2,14,273,2,2,2,1,2,1,1 2 4 39 77 78 5 6 8 67 12 15 79 16 19 20 21 22 26 83 27 36 31|34|23,7 8 15|25|3,10,6,2 4 5 25 49 6 7 26 27 54 72 56 57 73 10 58 119 11 35 12 15 62 17 75 43 18 20 46 21 22 81 101 23 95|59|34,287 339 131 340 341|5|5,44 316 94 186 317|5|5,5,4,2,327 328 329 304 330|5|5,408 409 350 3 410|5|5,5,97,2,6
47,3,14,273,2,2,1,1,2,0,83 1 19 3 22 28 13 15 30 56 79 99 5|34|13,17 18|25|2,10,6,55 2 5 26 33 50 22 23 11 36|59|10,342 343 344 345 346|5|5,313 318 134 319 78|5|5,5,4,1,331 68 332 333 334|5|5,411 227 412 413 414|5|5,5,98,2,15
19,3,14,273,1,1,1,7,1,0,32 8 18 19 10 37 4 22|34|8,17 18|25|2,10,6,31 56 10 45|59|4,72 44 8 347 348|5|5,320 321 322 323 132|5|5,5,1,2,186 335 3 336 337|5|5,415 416 417 418 419|5|5,5,99,8,15
49,3,14,273,4,2,3,6,2,0,66 8 4 34|34|4,25,10,6,15 6 17 57 54 18|59|6,97 349 350 351 352|5|5,324 325 326 63 327|5|5,5,3,3,338 339 3 340 341|5|5,420 421 422 423 424|5|5,5,100,8,12
18,4,14,273,4,2,2,2,2,0,70 4 8 21 34 15 45 6|34|8,5 7 8 28 20 31 50 10|25|8,10,6,37 96 2 23 4 45 5 31 46 11 115 22 12 9 51|59|15,27 353 354 355 356|5|5,328 329 330 331 332|5|5,5,1,2,342 297 343 344 345|5|5,425 426 427 428 429|5|5,5,101,2,15
75,2,14,273,3,1,2,2,1,0,24 8 1 4 34 35 25 72 79|34|9,28 8|25|2,10,6,98 24 105 106 4 5 37 31 120 46 67 11 42 76 23 22 12 65 62|59|19,357 77 358 359 360|5|5,333 53 298 334 26|5|5,5,3,2,346 347 348 349 350|5|5,378 430 431 432 433|5|5,5,102,2,12
5,4,14,273,3,2,3,2,2,0,33 8 37 4 28 15 24 25 56 45|34|10,43 51 9 20 3 11 21 41|25|8,10,6,59,361 362 363 364 365|5|5,25 335 336 337 338|5|5,5,6,3,351 352 353 354 355|5|5,168 434 375 34 435|5|5,5,103,8,12
76,4,14,273,1,2,2,1,2,0,1 8 18 19 2 10 4 22 28 15 51 36 31 56 45 16 5|34|17,7 8 10 37 3 15|25|6,1 2|10|2,6,1 2 47 56 4 5 10 33 36|59|9,366 367 368 369|5|4,120 96 102 14 339|5|5,1 2 3 4 5|5|5,1,2,3 38 356 357 358|5|5,119 33 436 437 438|5|5,1 2 3 4 5|5|5,104,2,15
5,4,14,273,1,2,1,1,2,0,1 2 3 4 38 6 8 12 13 15 41 16 19 90 21 22 24 25 26 28 29 30 36 31 56 45|34|26,36 9 27 20 31 2 3 11 1|25|9,10,6,1 2 3 4 5 25 49 7 26 51 8 52 9 31 10 58 33 11 12 36 37 97 14 63 17 42 43 65 18 20 22 23|59|32,125 370 371 372 373|5|5,96 170 14 29 340|5|5,5,1,2,83 3 111 20 359|5|5,439 440 238 34 441|5|5,5,105,2,7
77,4,14,273,3,3,5,2,2,0,4 8 19 21 22 38 41 6|34|8,17 6 18 8 32|25|5,10,6,59,347 133 374 91 375|5|5,341 342 343 344 345|5|5,5,6,2,186 360 361 362 363|5|5,442 443 444 445 446|5|5,5,106,8,2
78,2,1 2 3 4 5 6 7 8 9|14|9,273,2,2,1,1,2,1,4 8 19 38 34 21 22 84 15 41 68 72 69 5 6|34|15,28 6 8 20 44 3 4 16 14 19 31|25|11,3 4 5 1 2 6 7 8 9 10|10|10,1 2 3 4 5 6|6|6,1 2 4 5 25 49 6 26 27 72 55 56 10 58 11 35 12 15 17 75 18 77 20 46 22 101 23 82 95|59|29,376 377 378 379 380|5|5,346 26 347 53 259|5|5,6 7 8 9 5|5|5,3,2,364 365 3 68 366|5|5,280 281 282 283 284|5|5,6 7 8 9 10|5|5,107,5,15
40,2,14,273,1,2,1,2,1,0,4 8 1 19 38 2 68 21 28 14 15 41 94 31 56 39 36 69 88 6 57|34|21,1 2|25|2,10,6,1 86 2 3 4 113 5 27 50 51 8 28 9 72 87 30 31 121 33 11 116 35 12 37 61 14 16 17 75 18 78 85 46 104 22 101 23|59|37,381 382 383 384 385|5|5,108 12 348 11 110|5|5,5,3,2,367 368 3 369 370|5|5,36 447 448 449 80|5|5,5,108,4,19
3,5,14,273,3,2,1,4,1,0,70 8 19 27 4 34 14 38 41|34|9,19|25|1,10,6,59,271 386 387 69 388|5|5,349 350 259 138 351|5|5,5,4,1,371 372 234 373 374|5|5,450 400 451 452 453|5|5,5,109,8,12
29,2,14,273,2,2,1,1,1,1,4 8 1 19 20 2 22 21 34 23 12 13 66 15 31 3 77 78 16 6|34|20,25,10,6,98 2 122 5 27 51 8 54 9 72 31 10 33 35 36 37 14 75 41 123 65 46 101|59|23,97 389 390 103 27|5|5,30 11 12 32 34|5|5,5,4,2,375 284 376 38 355|5|5,233 454 455 417 456|5|5,5,110,2,15
2,5,14,273,4,1,2,2,2,0,1 2 4 38 51 6 60 8 67 52 9 12 14 15 89 41 79 18 19 90 68 21 22 25 69 98 26 57 63 49 28 31|34|32,25,10,6,1 3 2 20 56 4 15 6 46 10 5 89 11 12 23 22 57 54 9 51|59|20,72 391 19 392 393|5|5,30 120 32 237 34|5|5,5,6,2,377 3 20 61 378|5|5,457 458 459 174 460|5|5,5,111,6,15
79,4,14,1 2 3 4 5 6 7 8|273|8,1,3,1,2,2,0,1 2 4 34 51 82 6 70 33 8 67 55 52 37 12 15 62 18 19 21 22 23 26 63 83 28 36 31 56|34|29,17 18 1 2 9|25|5,3 4 1 2|10|4,6,20 56 4 10 41 33 50 12|59|8,394 395 20 194 396|5|5,85 86 87 41 88|5|5,10 11 12 13 14|5|5,1,2,186 3 68 38 60|5|5,461 462 463 464 303|5|5,11 12 13 14 15|5|5,112,6,15
80,4,14,273,2,2,2,1,2,1,58 80 1 2 3 4 34 38 5 6 33 8 37 12 13 15 41 79 16 54 19 21 22 24 25 72 26 83 28 30 36 31|34|32,8 15|25|2,10,6,2 47 4 5 25 6 26 27 8 71 3 9 72 55 68 31 10 11 116 35 12 100 102 14 15 63 17 75 40 65 18 20 45 21 22 81 23|59|37,397 398 399 47 400|5|5,352 13 353 354 355|5|5,5,7,2,379 380 234 3 381|5|5,465 466 467 468 469|5|5,5,113,2,6
63,4,14,273,1,2,1,4,2,1,4 8 67 19 21 22 23 12 6 36 59 79 1 40 26 18|34|16,23 30 7 51 21|25|5,10,6,24 2 4 1 5 26 27 71 72 55 56 68 31 10 11 108 59 35 12 14 17 75 41 43 18 20 45 46 22 23|59|30,401 402 403 102 59|5|5,1 356 3 69 357|5|5,5,4,2,382 383 384 385 3|5|5,470 381 380 471 379|5|5,5,114,7,15
81,1,14,273,1,2,1,1,2,1,8 19 1 27 4 22 12 14 59 62 26|34|11,25,10,6,2 4 5 92 29 31 10 11 12 37 14 15 63 17 65 18 20 46 80 22 101 23 95|59|23,404 405 406 407 408|5|5,5,5,1,1,1 5 386 68 387|5|5,5,5,115,2,5
82,3,14,273,1,2,1,4,1,0,8 4 12 15 77 78 16 26|34|8,35 52|25|2,10,6,24 2 4 1 5 8 71 112 54 72 56 57 31 10 11 12 37 14 15 75 41 43 123 20 83 46 80 22 115 101 23|59|31,409 410 411 255 412|5|5,211 358 359 220 257|5|5,5,7,2,59 3 68 388 389|5|5,472 287 473 474 290|5|5,5,116,2,5
31,2,14,273,3,2,1,2,2,0,36 28 1 80|34|4,4 3|25|2,10,6,59,413 414 415|5|3,360 361 362 135 363|5|5,5,4,2,390 391 392 393 394|5|5,29 475 476 477 478|5|5,5,117,8,12
83,5,14,273,1,1,1,2,2,0,50 4 8 25 19 100 2 21 22 12 6 53 24 36 48 31 1 47 5 26|34|20,25,10,6,2 20 4 5 63 39 75 46 12 33 10 28 99 65 72|59|15,416 327 281 172 417|5|5,126 364 365 366 367|5|5,5,8,2,395 3 60 61 396|5|5,479 40 480 481 482|5|5,5,118,0,10
84,3,14,273,1,2,1,1,2,1,85 8 67 19 3 4 22 23 12 13 15 30 24 25 26|34|15,41 8 19 3 15 29 4|25|7,10,6,1 2 47 4 5 25 49 26 56 73 31 10 58 11 12 37 15 41 20 44 46 22 23 95|59|24,418 419 420 421 422|5|5,368 369 370 371 372|5|5,5,1,2,397 3 398 399 400|5|5,40 483 33 436 119|5|5,5,119,5,15
85,4,14,273,1,2,1,1,1,0,34,8 20 31 26 15 16 25|25|7,10,6,86 2 4 5 49 89 17 46 58 33 50 12|59|12,5,373 374 375 79 186|5|5,5,4,2,5,226 9 484 485 486|5|5,5,120,8,12
62,5,14,273,4,2,1,2,2,0,4 8 18 19 52 2 10 21 22 28 12 6 31 26|34|14,25,10,6,37 1 2 20 85 4 14 5 25 31 26 10 58 33 11 68 52 12|59|18,423 424 425 426 427|5|5,284 376 377 378 379|5|5,5,1,1,401 402 403 404 405|5|5,487 488 160 489 490|5|5,5,121,2,15
86,2,14,273,2,3,2,1,2,0,19 22 14 38 41 5|34|6,20 31|25|2,10,6,98 3 4 45 5 31 17 75 58 27 11 18 22 35 12 65 49 72|59|18,428 429 430 431 432|5|5,26 359 172 380 381|5|5,5,3,2,406 407 408 409 410|5|5,491 492 272 93 493|5|5,5,122,2,5
87,2,14,273,1,2,1,4,1,0,4 8|34|2,25,10,6,1 4 24 5 51 9 72 87 96 31 33 11 12 36 124 37 38 15 17 75 18 46 115|59|23,5,22 48 382 383 158|5|5,5,4,2,411 412 95 413 345|5|5,216 67 494 187 495|5|5,5,123,2,5
67,4,14,273,3,3,3,2,2,0,34,25,10,6,59,433 434 435 436 437|5|5,384 26 385 386 387|5|5,5,6,3,414 415 416 417 418|5|5,222 496 497 498 382|5|5,5,124,8,12
2,2,14,273,3,3,3,5,2,0,4 21 8 6|34|4,25,10,6,59,438|5|1,5,5,6,3,419 420 421 422 99|5|5,5,5,125,8,12
5,4,14,273,1,2,1,1,1,1,85 4 8 18 19 40 27 21 84 15 25 16 5 6|34|14,35 33 14 3 41|25|5,10,6,24 2 3 4 122 14 15 1 83 46 5 22 8 11|59|14,439 440 441 442 443|5|5,53 388 389 186 390|5|5,5,7,1,219 423 284 287 424|5|5,499 500 501 502 503|5|5,5,126,2,18
29,2,14,273,4,2,2,1,2,0,43 8 19 13 27 4 71 15 101 3 16|34|11,17 18|25|2,10,6,1 2 4 5 49 26 50 29 87 56 31 10 58 33 11 60 12 124 15 16 63 17 42 43 65 18 125 46 109 22 23|59|31,444 445 446 447 448|5|5,391 26 392 393 154|5|5,5,4,1,425 426 3 196 427|5|5,504 505 506 507 508|5|5,5,127,2,5
9,4,14,273,1,2,5,4,1,1,88 8 19 21 22 28 4 15 16 6|34|10,28 7 8 9 38 10 3 11 35 33 14 46 39 4|25|14,10,6,1 19 4 14 57 9 49 63 58 12 22 8 76 16 23 54 65|59|17,449 186 450 451 452|5|5,192 394 395 396 397|5|5,5,3,1,428 429 430 431 432|5|5,509 510 511 512 513|5|5,5,128,2,5
88,1,14,273,1,2,1,2,2,0,63 4 8 1 20 21 23 12 26 6|34|10,25,3 4 5 1 2 6 7 8 9 10|10|10,6,1 2 20 56 4 113 5 17 7 10 41 19 51 53 12 9 18 95|59|18,453 8 454 455 456|5|5,398 399 147 400 401|5|5,15 16 17 7 5|5|5,1,2,433 3 434 435 436|5|5,514 515 457 516 356|5|5,6 8 16 9 17|5|5,129,8,15
89,3,14,273,1,2,2,1,1,1,83 19 38 3 4 34 13 66 15 41 8 45 99|34|13,11 48 9 21|25|4,10,6,1 102 2 38 4 14 15 16 5 22 12 23 59 11 123 54 29|59|17,97 457 458 459 460|5|5,316 186 402 109 317|5|5,5,3,2,437 438 439 440 441|5|5,94 517 350 518 408|5|5,5,130,2,5
90,4,14,273,1,2,2,1,2,0,1 2 4 84 38 5 8 9 13 15 41 79 16 65 19 22 24 25 102 28 36 31 56|34|23,7 20 31 2 3 53 1 37 10 4|25|10,10,6,37 86 2 3 23 4 14 5 25 31 63 17 26 12 11 8 43 22 57 54 65|59|21,461 462 463 53 464|5|5,26 170 171 172 99|5|5,5,3,2,442 443 444 445 446|5|5,519 503 520 521 35|5|5,5,131,2,7
12,4,14,273,4,2,1,1,1,0,63 2 12 6 31 26|34|6,25,10,6,86 2 4 5 26 110 8 10 119 11 12 100 14 15 16 17 76 43 65 20 83 22|59|22,465 102 466 467 414|5|5,5,5,4,1,433 3 447 448 436|5|5,5,5,132,2,15
91,5,14,273,3,3,2,2,1,0,4 8 19 21 22 23 12 38 48 41 47 6|34|12,39|25|1,10,6,59,468 469 470 102 471|5|5,128 403 404 3 1|5|5,5,1,2,449 60 4 450 451|5|5,5,5,133,8,12
92,2,14,273,3,2,3,2,1,0,34,25,10,6,59,5,65 405 406 407 49|5|5,5,3,3,5,147 510 522 523 524|5|5,5,134,8,12
12,2,14,273,2,2,2,4,2,1,4 8 19 27 21 34 28 12 6 38 24 41 25 56 72 26|34|16,49 20 16 8 19|25|5,10,6,2 20 21 15 16 10 40 5 22 88 3 9 51|59|13,472 473 474 373 475|5|5,408 409 143 144 410|5|5,5,4,2,452 453 454 44 455|5|5,75 525 526 527 528|5|5,5,135,2,15
51,4,14,273,4,2,1,1,2,1,34,7 9 19 37 14 15 29 17 39 4 18 41 30 10 44 54 3 55 33 34 8 20 56 11 49|25|25,10,6,1 20 56 4 62 48 10 41 22 51 12 9 95|59|13,5,411 341 342 412 413|5|5,5,1,2,5,529 530 437 523 531|5|5,5,136,8,8
61,2,14,273,1,3,1,2,2,1,4 8 1 21 23 12 26 36 77 78 6|34|11,6 8 20 31 3 37 33 14 19 16|25|10,10,6,1 2 20 4 14 5 25 94 26 10 41 55 22 8 23 12|59|16,476 477 226 91 471|5|5,247 414 269 259 415|5|5,5,1,2,219 456 20 457 88|5|5,271 532 533 534 410|5|5,5,137,2,15
37,3,14,273,3,3,3,5,2,0,34,25,10,6,59,5,416 135 296 417 418|5|5,5,4,3,5,535 536 537 538 539|5|5,5,138,8,12
61,3,14,273,1,2,1,1,2,0,58 19 4 22 12 15 51 39 73 5 8|34|11,25,10,6,2 47 4 122 15 17 46 10 40 5 33 22 23 28 11 12 18|59|17,55 478 479 480 481|5|5,419 420 259 220 421|5|5,5,3,2,238 3 458 459 460|5|5,187 10 540 541 542|5|5,5,139,2,15
85,3,14,273,3,3,1,4,1,0,4 8|34|2,17 18|25|2,10,6,59,482|5|1,65 11 422 423 424|5|5,5,3,2,461 462 463 464 465|5|5,67 543 414 544 109|5|5,5,140,8,12
93,5,14,273,3,3,3,2,1,0,50 81 58 4 38 6 33 8 67 37 12 15 41 16 19 68 21 22 23 26 32 63 83 53|34|24,25,10,6,59,483 8 484 48 133|5|5,399 203 26 425 285|5|5,5,6,3,361 60 20 466 10|5|5,365 436 545 546 168|5|5,5,141,8,12
94,2,14,273,1,2,1,7,1,0,22 19|34|2,20 35 43 52 19|25|5,10,6,1 54 57 4 15 46 39 5 22 23 11 112 40|59|13,485 72 486 487|5|4,120 426 67 427 351|5|5,5,4,2,467 468 469 470 471|5|5,547 548 549 550 551|5|5,5,142,8,5
95,4,14,273,1,2,2,1,1,0,17 83 18 19 40 27 21 22 23 12 30 15 51 36 4 39 8 1 16 5 6|34|21,1 2|25|2,10,6,1 102 12 20 4 45 15 73 31 6 17 10 58 41 21 18 109 76 40 65 29|59|21,488 489 490 354 471|5|5,428 420 53 429 79|5|5,5,8,1,163 3 111 38 427|5|5,552 553 554 555 556|5|5,5,143,2,15
96,3,14,273,1,2,1,1,1,0,58 19 38 3 4 22 12 13 15 41 8 16 5|34|13,25,10,6,98 37 2 47 4 1 5 36 31 63 17 10 18 33 11 65 126|59|17,271 491 492 493 494|5|5,430 431 158 432 433|5|5,5,4,1,472 473 390 474 475|5|5,557 558 559 560 561|5|5,5,144,2,5
73,1,14,273,3,2,1,1,2,0,60 8 18 1 20 2 4 10 23 12 6 36 31 79 26|34|15,25,10,6,1 2 20 56 122 14 5 46 10 41 33 11 8 23 22 4 12 74 95|59|19,495 496 497 498 499|5|5,434 147 219 203 435|5|5,5,1,2,476 477 478 456 479|5|5,562 433 563 564 565|5|5,5,145,2,15
97,1,14,273,1,2,1,2,2,0,4 83 19 21 22 23 12 6 46 8 47 26|34|12,28 8 19 3 37 29 17 18|25|8,10,6,2 20 56 4 5 62 10 41 51 9|59|10,500 501 133 91 502|5|5,436 192 382 437 438|5|5,5,1,2,480 219 481 61 86|5|5,566 111 567 568 569|5|5,5,146,8,15
13,1,14,273,1,2,2,1,2,1,33 8 37 4 12 38 41 26|34|8,38 9 19 3 11 37 17 39 18|25|9,10,6,1 105 2 106 4 5 25 49 26 30 56 31 10 58 11 35 12 37 63 43 65 77 20 22 81 23|59|26,286 503 504 226 505|5|5,30 439 440 32 34|5|5,5,4,1,59 482 483 484 113|5|5,570 133 571 382 282|5|5,5,147,2,5
98,3,14,273,1,2,2,1,2,1,81 58 1 3 4 34 38 86 39 5 6 70 8 37 12 13 15 41 79 42 43 19 20 68 21 22 24 25 72 26 57 94|34|32,28 6 7 8 20 16 54 3 22 37 19 39|25|12,10,6,1 2 47 4 5 49 6 26 8 31 10 58 11 59 37 14 15 62 40 76 65 77 20 22 23|59|25,506 507 508 509 133|5|5,287 65 288 289 290|5|5,5,9,2,375 147 3 21 36|5|5,572 573 440 34 439|5|5,5,148,2,17
37,5,14,273,3,3,3,2,2,0,8 19 38 4 22 71 14 15 51 41 45|34|11,25,10,6,59,510 511 512 513|5|4,441 26 442 259 99|5|5,5,3,3,485 486 3 487 488|5|5,168 574 575 576 577|5|5,5,149,8,12
99,1,10 11 12 13 14 15 16 17 18 19 20 21 22 23|14|14,273,3,3,1,7,1,0,58 1 3 4 34 38 6 33 8 67 52 37 12 13 41 79 62 19 21 22 23 25 26 63 76 28 66 36 56|34|29,25,10,1 2 3 4 5 7|6|6,59,514 515 151 194 516|5|5,147 443 240 41 79|5|5,5,1,2,80 3 68 20 210|5|5,578 579 436 580 182|5|5,5,150,6,15
100,4,14,273,1,1,1,1,2,0,1 2 3 4 38 51 5 6 8 67 12 13 15 41 79 16 54 19 21 22 23 26 57 63 27 28 30 36 31 56|34|30,47 5|25|2,10,6,2 20 56 4 14 15 94 10 40 41 5 27 22 8 81 43 3 23 35|59|19,517 518 519 520 521|5|5,30 444 445 446 447|5|5,5,4,2,289 426 489 219 57|5|5,67 581 63 582 410|5|5,5,151,7,3
101,4,14,273,4,2,1,1,2,0,60 4 8 67 1 20 2 21 28 12 6 46 36 31 56 79 47 26|34|18,25,10,6,2 20 56 4 14 15 62 6 10 32 5 22 8 23 43 12 29|59|17,522 523 524 525 526|5|5,1 448 449 3 450|5|5,5,4,2,60 490 491 492 229|5|5,583 584 585 586 587|5|5,5,152,7,15
102,2,14,273,4,3,4,5,2,0,85 87 37 25|34|4,25,10,6,1 2 68 4 14 5 31 45 17 10 58 41 84 22 23 43 12 18|59|18,527 528 208 529 270|5|5,451 294 140 37 99|5|5,5,4,1,493 494 495 38 287|5|5,588 176 589 590 591|5|5,5,153,2,5
87,2,14,273,4,1,1,1,2,0,68 22 19 69|34|4,33 14 3 4|25|4,10,6,37 78 2 4 70 15 31 6 17 5 33 12 18|59|13,530 531 532 533 534|5|5,3 452 269 453 415|5|5,5,4,2,496 497 498 499 500|5|5,592 593 594 380 595|5|5,5,154,8,15
4,3,14,273,2,2,2,1,2,1,58 3 4 34 84 38 39 77 78 5 6 8 9 10 11 12 13 15 41 16 18 19 21 22 24 25 72 26 27 64 35|34|31,33 14|25|2,10,6,1 2 47 4 5 25 49 26 71 10 58 33 11 12 74 13 38 15 16 17 18 20 22|59|23,535 536 102 537 538|5|5,65 133 454 234 135|5|5,5,1,2,501 3 68 304 502|5|5,432 395 596 169 597|5|5,5,155,2,13
103,2,14,273,1,2,4,4,2,0,54 85 8 1 19 38 4 22 28 15 36 25 56 41 16 57|34|16,28 6 8 20 44 3 16 15 19 39 4|25|11,10,6,37 2 5 31 17 57 11 54 18|59|9,539 169 540 541 542|5|5,455 456 457 458 459|5|5,5,3,2,401 3 503 47 43|5|5,598 168 272 316 599|5|5,5,156,2,15
51,4,14,273,4,2,1,4,2,0,8 19 1 38 9 4 28 29 15 51 36 41 79 99 62|34|15,37 28 57 7 9 8 5 20 31 3 11 35 43 33 14 10 17 46 4 18|25|20,10,6,1 2 4 5 25 26 50 71 96 55 30 56 73 31 10 33 11 34 12 37 15 62 20 46 22 23 95|59|27,543 544 545 546 547|5|5,460 1 3 461 272|5|5,5,1,1,504 82 505 506 507|5|5,40 33 238 600 119|5|5,5,157,2,15
43,3,14,273,2,1,1,2,2,1,15 39|34|2,28 6 8 16 37 3 15|25|7,10,6,2 106 5 31 63 17 22 42 76 23 65 18|59|12,548|5|1,462 136 463 464 465|5|5,5,4,2,508 509 510 511 512|5|5,601 166 602 603 604|5|5,5,158,8,12
79,4,14,273,3,3,3,2,2,0,34,25,10,6,59,5,5,5,4,3,5,5,5,159,8,12
40,5,14,273,3,2,1,1,1,0,1 2 4 38 47 5 6 60 8 67 52 9 12 15 48 41 16 18 19 68 21 22 23 24 25 69 26 63 27 49 28 36 31|34|33,5 8 9 11 34 17 18|25|7,10,6,59,549 550 551 552 553|5|5,466 467 468 186 469|5|5,5,6,2,60 3 513 514 10|5|5,605 606 122 607 25|5|5,5,160,9,15
104,1,14,273,1,2,2,4,2,0,4 58 67 19 52 9 21 22 28 12 76 24 25 8 5 6|34|16,17 18|25|2,10,6,98 1 2 20 56 4 5 63 26 10 11 110 71 47 12 65|59|16,125 554 555 556 557|5|5,470 471 472 473 474|5|5,5,1,1,3 515 68 52 516|5|5,608 609 473 610 611|5|5,5,161,2,15
105,1,14,273,3,2,3,1,2,0,1 2 4 71 84 38 39 6 8 67 52 12 14 15 41 16 62 65 19 68 21 22 23 24 25 69 73 26 27 28 31|34|31,20|25|1,10,6,59,327 558 94 559 560|5|5,145 475 147 476 29|5|5,5,1,3,137 3 52 4 517|5|5,66 287 612 613 614|5|5,5,162,9,15
29,3,14,273,1,2,1,4,1,0,18 19 22 84 15 40 39|34|7,28 8 9 20 31 3 11 41|25|8,10,6,1 2 4 15 49 6 17 75 58 54 5 11 57 53 112 40 18 72|59|18,231 561 43 562 3|5|5,477 171 53 478 172|5|5,5,3,2,518 519 520 521 309|5|5,503 520 615 616 35|5|5,5,163,2,5
106,3,14,273,4,1,1,2,2,0,63 4 58 21 23 12 26 8 6|34|9,17 18|25|2,10,6,47 17 46 10 58 41 84 89 51 81 101 20 35 9 18|59|15,72 102 509 563 564|5|5,30 78 479 32 34|5|5,5,1,2,522 68 523 524 10|5|5,617 618 436 255 168|5|5,5,164,8,15
13,1,14,273,2,2,1,2,1,0,1 4 34 39 5 6 70 8 9 15 79 99 16 65 18 19 22 63 49 28 30 36 56|34|23,28 7 19 37 53 35 15 17 39 4 18 25 41 10 26 3 21 23 38 51 8 20 31|25|23,10,6,2 3 4 5 49 6 69 50 8 53 54 56 57 10 58 33 12 36 38 14 15 16 63 17 40 65 18 83 80 22 23|59|31,565 566 567 411 568|5|5,480 481 482 483 484|5|5,5,3,2,525 526 3 60 111|5|5,584 619 620 621 622|5|5,5,165,2,14
5,3,14,273,1,2,2,4,1,1,17 8 19 1 9 4 22 36 5|34|9,17 33 14 18|25|4,10,6,98 1 2 3 48 4 24 5 49 6 27 51 8 52 54 9 72 56 57 31 120 10 58 127 33 119 11 35 12 36 37 38 14 15 16 62 63 17 75 40 76 88 43 123 65 18 19 44 83 46 21 80 67 22 81 101 23 128 95|59|59,280 93 95 569 494|5|5,1 120 3 485 486|5|5,5,3,2,527 3 528 60 529|5|5,623 624 625 282 456|5|5,5,166,2,16
5,4,24|14|1,9 10 11 12 3 13 14 15 16 17 18 19 20 21 22 23 24 25 26 27 28 29 30 31 32 33 34 35 36 37 38 39 40 41 42 43 44 45 46 47 48 49 50 51 52 53 54 55 56 57 58 59 60 61 62 63 64 65 66 67 68 69 70 71 72 73 74 75 76 77 78 79 80 81 82 83 84 85 86 87 88 89 1 90 91 92 93 94 95 96 97 98 99 100 101 102 103 104 105 106 107 108 109 110 111 112 113 114 115 116 117 118 119 120 121 122 123 124 125 126 127 128 129 130 131 132 133 134 135 136 137 138 139 140 141 142 143 144 145 146 147 148 149 150 151 152 153 154 155 156 157 158 159 160 161 162 163 164 165 166 167 168 169 170 171 172 173 174 175 176 177 178 179 180 181 182 183 184 185 186 187 188 189 190 4 191 192 193 194 195 196 197 198 199 200 201 202 203 204 205 206 207 208 209 210 211 212 213 214 215 216 217 218 219 220 221 222 223 224 225 226 227 228 229 230 231 232 233 234 235 236 237 238 239 240 241 242 243 244 245 246 247 248 249 250 251 252 253 254 255 256 257 258 259 260 261 262 263 264 265 266 267 268 269 270 271 272 273 274 275 276 277 278|273|273,1,2,1,1,1,0,88 83 19 38 3 21 6 28 12 13 4 15 41 8 71 26|34|16,20 25 48 26 21|25|5,3 4 5 1 2 6 7 8 9 10|10|10,8 3 4|6|3,1 2 4 5 49 6 51 54 9 72 87 56 57 31 10 58 11 12 37 38 15 17 75 18 20 22 23|59|27,570 571 572 573 255|5|5,1 402 3 487 109|5|5,10 18 19 14 5|5|5,3,2,530 60 52 4 531|5|5,626 627 628 629 630|5|5,18 8 19 20 21|5|5,167,3,11
107,1,14,273,2,2,2,1,2,0,8 19 4 22 24 25 5|34|7,25,10,6,37 3 4 31 26 79 22 76 12 65 77|59|11,574 103 575 274 3|5|5,65 26 488 193 489|5|5,5,1,2,532 533 534 535 536|5|5,187 552 631 571 632|5|5,5,168,2,1
108,1,14,279 280 101|273|3,3,3,1,3,1,0,63 17 8 67 19 2 68 27 4 22 12 14 15 61 69 98 16 5 6|34|19,5 8 9 20 31 3 11 12 41|25|9,9 1 2|10|3,6,59,576 577 578 74 579|5|5,30 490 491 32 34|5|5,20 21 22 23 24|5|5,4,2,338 537 538 61 539|5|5,40 33 633 34 634|5|5,22 23 24 25 16|5|5,169,8,15
47,2,14,273,2,2,1,2,2,0,34,25,10,6,2 4 5 46 75 33 89 22 71 117 23 87 72 124|59|14,5,464 310 259 66 492|5|5,5,4,2,5,635 573 636 637 638|5|5,5,170,8,12
22,1,14,273,2,2,1,4,2,0,2 4 34 38 5 6 33 8 55 37 10 12 15 61 103 41 16 18 19 21 22 24 25 26 53 66 30 97|34|28,55 33 14 56|25|4,10,6,109 20 23 4 14 16 26 10 58 33 22 110 25 3 12 36 8|59|17,580 581 91 113 97|5|5,120 493 102 24 6|5|5,5,1,2,540 541 20 3 542|5|5,157 639 63 640 641|5|5,5,171,9,15
109,3,14,273,3,1,3,4,1,0,8 1 20 4 28 52|34|6,34 8|25|2,10,6,59,582 583 584 585 586|5|5,494 495 496 497 430|5|5,5,4,3,543 544 545 546 547|5|5,642 112 643 644 424|5|5,5,172,8,12
47,4,14,273,2,2,2,1,2,0,1 3 4 38 86 6 8 67 9 12 13 15 41 79 16 62 19 20 68 21 22 23 69 88 26 83 28 30 36 56|34|30,25,10,6,1 2 3 4 5 6 54 9 29 87 56 57 73 31 10 33 11 116 12 74 37 15 16 17 40 41 18 129 20 22 23|59|31,102 53 168 587 396|5|5,224 498 254 147 499|5|5,5,1,2,548 3 549 393 550|5|5,645 646 422 647 553|5|5,5,173,2,0
27,4,14,273,1,2,2,1,2,1,1 3 4 34 6 70 8 52 12 13 15 40 79 16 62 18 19 22 23 72 26 63 27 28 36 56 45|34|27,8 9 19 3 11 35 46 41|25|8,10,6,86 2 3 48 4 5 25 49 26 8 52 71 54 72 87 30 68 57 73 31 121 10 58 33 59 12 36 37 100 102 38 14 15 17 75 40 41 84 117 43 18 77 78 20 45 22 23|59|47,588 589 590 591 592|5|5,500 501 371 502 503|5|5,5,3,1,38 60 20 551 552|5|5,31 648 636 649 34|5|5,5,174,2,7
91,4,14,273,1,3,1,1,2,0,4 58 67 19 21 22 28 12 6 8 26 80|34|12,25,10,6,37 47 56 4 25 31 26 10 110 20 12 95|59|12,287 593 594 595 596|5|5,504 283 420 259 147|5|5,5,4,1,553 554 555 556 557|5|5,216 650 631 651 652|5|5,5,175,8,15
43,4,14,273,2,2,1,1,2,1,81 1 4 34 38 51 39 5 8 9 12 14 15 40 41 16 62 18 19 68 22 23 72 26 27 49 30 36|34|28,25,10,6,1 105 2 106 4 5 25 26 8 28 54 94 57 73 31 10 33 11 59 12 37 14 15 62 63 41 43 65 77 20 80 22 23|59|33,597 598 3 599 396|5|5,500 90 378 505 47|5|5,5,4,1,558 203 116 193 355|5|5,653 654 655 272 410|5|5,5,176,2,3
110,5,14,273,3,2,2,1,2,0,63 4 58 1 19 52 34 21 22 28 12 36 79 56 103 6 8|34|17,20 31 25 26 19|25|5,10,6,37 1 47 56 4 14 15 73 31 10 5 11 8 12 38|59|15,600 508 226 601 72|5|5,30 506 32 70 34|5|5,5,1,1,559 560 561 4 562|5|5,656 657 417 658 659|5|5,5,177,2,15
47,2,14,273,1,2,1,2,2,1,4 8 19 21 22 23 12 28 15 30 56 88 6|34|13,25,10,6,37 55 3 48 4 45 25 31 17 26 10 41 70 33 22 23 12 36 18|59|19,602 178 603 373 604|5|5,507 26 148 508 509|5|5,5,3,1,321 212 563 564 565|5|5,660 661 436 662 55|5|5,5,178,2,15
59,2,14,273,3,3,3,5,2,0,34,25,10,6,59,5,510 511 512|5|3,5,6,3,5,663 664 665 666 667|5|5,5,179,8,12
111,4,14,273,3,3,1,1,1,0,8 19 68 4 22 38 69 41 77 78|34|10,20 31|25|2,10,6,59,605 606 607 608 609|5|5,513 294 514 515 516|5|5,5,3,1,219 566 567 568 569|5|5,40 668 669 670 671|5|5,5,180,8,12
112,2,14,273,4,2,1,2,2,0,34,44 8|25|2,10,6,37 31|59|2,5,48 517 518 350 26|5|5,5,4,1,5,440 35 672 673 674|5|5,5,181,8,12
113,2,14,273,2,2,1,2,2,1,70 4 65 80 1 38 21 34 28 15 36 56 41 8 16 6|34|16,28 6 34 8 38 20 44 54 3 4 49 16 33 14 15 19 39 31|25|18,10,6,1 86 2 3 48 4 5 49 92 68 58 33 11 34 35 12 36 14 17 18 46 109 22 81 101 23 99|59|27,610 611 612 613 614|5|5,519 452 453 336 520|5|5,5,9,2,570 203 20 42 571|5|5,675 676 143 283 410|5|5,5,182,4,9
114,3,14,273,2,2,1,4,2,0,85 83 19 3 27 4 22 28 12 13 15 51 25 56 8 5 26|34|17,28 8 19 3 35 4|25|6,10,6,1 86 2 3 4 5 7 27 71 29 72 56 31 120 10 11 35 12 37 15 16 17 75 40 43 65 18 20 46 21 22 101 23 95|59|34,58 531 615 616 617|5|5,7 337 9 124 521|5|5,5,4,2,101 3 572 564 573|5|5,677 678 93 679 680|5|5,5,183,2,15
6,2,14,273,1,2,1,5,1,0,34,44 8|25|2,10,6,98 37 105 106 45 31 17 76 65 18|59|10,5,65 522 296 518 523|5|5,5,4,2,5,166 681 411 682 573|5|5,5,184,8,12
42,4,14,273,4,1,2,4,1,0,47 8 1 19 2 27 4 22 71 15 36 48 31 39 79 16 5|34|17,7 9 11 22 33 14|25|6,10,6,1 86 2 4 15 73 62 17 75 5 33 11 28 12 18 72 87|59|17,618 619 620 621 622|5|5,524 525 526 41 180|5|5,5,5,2,574 111 313 575 136|5|5,683 10 684 685 686|5|5,5,185,2,15
115,4,14,273,1,1,1,1,2,0,33 8 19 3 37 4 22 13 15 16|34|10,25,10,6,2 5 33 50 11 36|59|6,66 623 624 625 626|5|5,308 102 527 191 29|5|5,5,4,2,364 3 576 577 313|5|5,65 687 688 689 690|5|5,5,186,8,15
116,1,14,273,2,2,1,2,1,0,34,25,10,6,1 2 3 4 14 5 16 22 8 23 11|59|11,5,26 528|5|2,5,4,1,5,365 691 692 693 451|5|5,5,187,8,12
117,3,14,273,1,2,2,1,1,1,4 8 1 19 3 29 28 13 15 36 16 5|34|12,17 18|25|2,10,6,2 4 5 26 9 55 56 73 31 10 33 11 59 36 37 14 15 43 66 83 46 22 101 23|59|24,627 628 629 460 630|5|5,529 11 530 531 532|5|5,5,3,1,327 166 578 579 580|5|5,67 694 695 696 697|5|5,5,188,2,5
118,5,14,273,1,2,2,1,2,0,60 70 4 8 1 19 2 34 21 22 12 6 15 81 36 31 68 5 26 57|34|20,24 7 8 10 54 21 17 39 18|25|9,10,6,2 20 56 4 14 15 68 10 5 11 47 12 29 13|59|14,631 632 633 634 28|5|5,147 533 116 534 535|5|5,5,1,1,581 297 582 583 584|5|5,461 698 699 464 700|5|5,5,189,2,15
119,5,14,273,1,3,1,1,2,0,58 1 2 4 51 5 6 8 67 12 15 79 19 90 68 21 22 25 69 73 26 30 36 31|34|24,5 19 2 1 17 18|25|6,10,6,37 1 20 56 4 45 15 31 6 17 10 40 22 23 47 12 18 106|59|18,635 287 636 537 637|5|5,460 536 272 461 80|5|5,5,1,2,585 210 458 586 587|5|5,233 701 702 703 704|5|5,5,190,7,15
21,2,14,273,1,2,2,1,1,0,8 1 19 9 4 28 15 30 36 56 79 16 5|34|13,26 25|25|2,10,6,1 2 48 4 5 27 50 51 54 9 72 31 58 33 11 35 12 36 37 16 17 75 84 123 65 18 46 79 22 101 23 128|59|32,627 159 53 638 639|5|5,537 48 538 406 70|5|5,5,3,1,570 588 589 166 571|5|5,705 706 707 708 709|5|5,5,191,2,5
67,3,14,273,1,1,1,4,2,1,8 18 19 34 4 22 12 38 35 82 41 72 26|34|13,20 31 8 15|25|4,10,6,1 3 20 4 5 31 26 10 11 22 12 77 30|59|13,72 640 641 642 375|5|5,539 540 541 310 542|5|5,5,3,2,590 591 317 592 593|5|5,710 581 711 712 713|5|5,5,192,2,15
120,4,14,273,4,2,1,4,2,1,85 49 8 18 64 4 12 15 82 25 16 26|34|12,5 8 20 31 14 15 17 18 32|25|9,10,6,37 105 2 20 56 4 14 5 16 31 10 22 68 23 3 12 65 106|59|18,643 644 645 646 647|5|5,55 239 543 544 185|5|5,5,3,1,594 595 596 287 597|5|5,714 715 28 716 717|5|5,5,193,2,15
121,5,14,273,1,3,1,2,2,1,4 8 1 20 21 34 104 12 6 26|34|10,25,10,6,20 10|59|2,287 648 172 649 126|5|5,545 546 425 139 547|5|5,5,1,2,210 12 134 598 599|5|5,31 40 718 34 119|5|5,5,194,8,15
116,4,14,273,2,2,1,1,1,1,8 1 19 38 2 27 4 22 23 12 71 15 36 31 41 45 5 26|34|18,7 41 9 30 20 31 2 3 11 35 1 37 36 46 4|25|15,10,6,1 20 4 15 73 10 41 21 33 36|59|10,650 651 652 653 654|5|5,548 170 90 53 549|5|5,5,1,2,600 150 3 601 602|5|5,75 719 167 282 720|5|5,5,195,9,15
122,2,14,273,1,1,2,2,1,0,3 39 28 12 13 15 51 56 26|34|9,34 8|25|2,10,6,37 89 20 31 17 46 75 33 50 22 10 101 3 18 72|59|15,327 655 656 657 658|5|5,158 253 550 48 551|5|5,5,4,1,603 38 604 605 606|5|5,721 216 722 723 724|5|5,5,196,8,5
92,5,14,273,2,3,2,1,2,0,58 3 4 71 38 47 6 8 52 9 12 13 14 15 89 48 41 19 68 21 22 69 105 26 83 27 28|34|27,25,10,6,15 47 20 10 40|59|5,659 660 661 471 85|5|5,552 416 553 41 554|5|5,5,1,2,163 607 608 3 609|5|5,725 726 727 728 729|5|5,5,197,9,15
123,4,14,273,3,2,1,2,1,0,8 19 1 68 4 22 84 15 51 36 98 16|34|12,28 58 7 9 8 20 37 3 11 33 14 34|25|12,10,6,59,662 663 664 665 666|5|5,403 555 556 557 206|5|5,5,3,2,610 611 612 613 614|5|5,730 176 731 732 733|5|5,5,198,1,12
59,3,14,273,1,2,2,1,1,1,85 3 4 34 38 51 6 8 12 13 15 41 99 16 19 21 22 24 25 26 63 66|34|22,25,10,6,24 105 2 4 1 5 25 49 26 51 9 72 31 10 58 33 11 12 36 37 14 16 63 17 75 41 65 18 20 46 80 67 22 101 23|59|35,97 667 668 311 669|5|5,192 558 559 560 480|5|5,5,1,1,68 20 88 615 136|5|5,734 735 736 737 738|5|5,5,199,2,5
104,3,14,273,4,2,1,1,2,0,17 19 1 3 27 22 13 59|34|8,17 18|25|2,10,6,1 2 56 4 14 5 25 46 10 26 80 27 101 35 12|59|15,670 671 672 74 673|5|5,120 102 3 77 1|5|5,5,4,1,515 458 616 580 617|5|5,739 67 404 740 174|5|5,5,200,2,15
